Date,Open,High,Low,Close,Adj Close,Volume,SMA20,2xstd,ld,hd,std,psd,nsd
2020-01-02,118.860001,119.889999,118.699997,118.940002,115.619484,6764900,,,,,,,
2020-01-03,118.269997,118.790001,117.589996,117.889999,114.598793,5399200,,,,,,,
2020-01-06,117.400002,118.089996,116.769997,117.650002,114.365509,6445500,,,,,,,
2020-01-07,117.260002,117.519997,116.199997,116.559998,113.305931,6846900,,,,,,,
2020-01-08,116.300003,116.730003,115.68,116.160004,112.917099,5875800,,,,,,,
2020-01-09,116.150002,117.370003,116.080002,117.360001,114.083588,5563700,,,,,,,
2020-01-10,117.239998,117.339996,115.980003,116.379997,113.130951,6054800,,,,,,,
2020-01-13,116.379997,116.550003,115.370003,115.879997,112.644905,6112600,,,,,,,
2020-01-14,115.470001,116.209999,115.129997,116.18,112.936539,6585800,,,,,,,
2020-01-15,114.629997,115.870003,114.519997,115.279999,112.061668,7454200,,,,,,,
2020-01-16,115.5,115.93,115.279999,115.900002,112.664352,5369400,,,,,,,
2020-01-17,116.050003,116.300003,114.639999,114.959999,111.750587,10045000,,,,,,,
2020-01-21,114.589996,115.690002,114.519997,115.589996,112.363007,7353700,,,,,,,
2020-01-22,115.220001,116.529999,115.18,116.099998,112.858757,4926100,,,,,,,
2020-01-23,116.209999,116.309998,115.040001,115.809998,112.576859,4305100,,,,,,,
2020-01-24,116.0,116.029999,114.150002,114.370003,111.177055,4383400,,,,,,,
2020-01-27,113.190002,116.230003,112.68,115.860001,112.625465,7018400,,,,,,,
2020-01-28,115.980003,116.900002,115.949997,116.599998,113.344803,5270200,,,,,,,
2020-01-29,116.559998,117.120003,115.889999,115.889999,112.654625,3775500,,,,,,,
2020-01-30,115.610001,116.720001,115.330002,116.580002,113.325378,4581500,,,,,,,
2020-01-31,115.800003,116.260002,113.900002,114.489998,111.293701,7775800,116.29699975000001,2.0378044356657883,114.25919531433422,118.3348041856658,1.0189022178328941,117.3159019678329,115.27809753216712
2020-02-03,114.900002,115.389999,114.099998,114.269997,111.079849,4347100,116.07449955,1.7918092666962608,114.28269028330374,117.86630881669626,0.8959046333481304,116.97040418334812,115.17859491665187
2020-02-04,115.239998,116.239998,114.889999,115.269997,112.051941,5232200,115.89349944999996,1.7525908088940176,114.14090864110595,117.64609025889398,0.8762954044470088,116.76979485444697,115.01720404555296
2020-02-05,115.599998,116.949997,114.849998,116.809998,113.54895,5682900,115.77449919999997,1.5734106662977199,114.20108853370225,117.34790986629768,0.7867053331488599,116.56120453314882,114.9877938668511
2020-02-06,116.830002,117.230003,116.059998,116.309998,113.062912,5352900,115.7869992,1.6018882622765653,114.18511093772344,117.38888746227656,0.8009441311382827,116.58794333113828,114.98605506886172
2020-02-07,116.110001,116.760002,115.760002,116.449997,113.198997,3689600,115.79449890000001,1.6101863418917552,114.18431255810825,117.40468524189177,0.8050931709458776,116.59959207094589,114.98940572905413
2020-02-10,115.75,116.980003,115.050003,115.25,112.032501,6144900,115.74899870000004,1.4765483973153175,114.27245030268473,117.22554709731536,0.7382741986576588,116.48727289865771,115.01072450134238
2020-02-11,115.43,115.5,114.440002,115.400002,112.178314,5796800,115.69249885000002,1.4620514378824374,114.23044741211758,117.15455028788246,0.7310257189412187,116.42352456894125,114.9614731310588
2020-02-12,115.5,116.419998,115.410004,115.849998,112.615753,4735600,115.66849909999999,1.4647082389387833,114.20379086106121,117.13320733893877,0.7323541194693917,116.40085321946938,114.9361449805306
2020-02-13,115.849998,117.540001,115.580002,117.440002,114.161362,5333200,115.65199899999998,1.4486348566892868,114.2033641433107,117.10063385668926,0.7243174283446434,116.37631642834462,114.92768157165533
2020-02-14,117.669998,118.57,117.160004,117.889999,114.598793,8130600,115.75999915,1.6320542160164002,114.1279449339836,117.3920533660164,0.8160271080082001,116.5760262580082,114.9439720419918
2020-02-18,118.470001,119.949997,117.360001,119.629997,116.290222,11513200,115.859499,1.878153294067127,113.98134570593287,117.73765229406713,0.9390766470335635,116.79857564703356,114.92042235296644
2020-02-19,119.5,119.940002,117.68,117.68,114.394661,7187800,116.0929989,2.4476278243262324,113.64537107567376,118.54062672432623,1.2238139121631162,117.3168128121631,114.86918498783689
2020-02-20,117.209999,118.110001,116.860001,117.690002,114.404381,5022900,116.1974991,2.5298839724411017,113.6676151275589,118.7273830724411,1.2649419862205509,117.46244108622055,114.93255711377945
2020-02-21,117.440002,118.75,117.309998,118.580002,115.269539,6242100,116.27699929999999,2.61125323843086,113.66574606156912,118.88825253843085,1.30562661921543,117.58262591921542,114.97137268078455
2020-02-24,117.459999,118.459999,115.949997,116.32,113.072624,6616000,116.41549949999998,2.7855090195539858,113.629990480446,119.20100851955397,1.3927545097769929,117.80825400977697,115.02274499022299
2020-02-25,116.349998,117.07,114.050003,114.389999,111.19651,7764300,116.51299935000002,2.624128133230943,113.88887121676908,119.13712748323096,1.3120640666154715,117.82506341661549,115.20093528338454
2020-02-26,114.699997,115.169998,113.650002,113.779999,110.60353899999998,6673300,116.43949925000001,2.7713866798073394,113.66811257019268,119.21088592980735,1.3856933399036697,117.82519258990368,115.05380591009634
2020-02-27,112.559998,114.07,110.349998,110.400002,107.317909,9492300,116.2984993,3.001748912153253,113.29675038784676,119.30024821215325,1.5008744560766265,117.79937375607663,114.79762484392337
2020-02-28,107.690002,108.519997,104.370003,107.68,104.673843,17456400,116.02399944999999,3.9540075166360755,112.06999193336391,119.97800696663607,1.9770037583180378,118.00100320831802,114.04699569168196
2020-03-02,107.599998,116.400002,107.290001,115.879997,112.644905,17074200,115.57899934999998,5.3576779189135,110.22132143108648,120.93667726891347,2.67883895945675,118.25783830945673,112.90016039054322
2020-03-03,116.080002,117.529999,112.339996,112.910004,109.757828,11113600,115.6484993,5.335384413480815,110.31311488651919,120.98388371348081,2.6676922067404076,118.31619150674041,112.98080709325959
2020-03-04,114.239998,116.839996,113.470001,116.769997,113.510063,8208400,115.58049965000001,5.4376142391141435,110.14288541088587,121.01811388911415,2.7188071195570718,118.29930676955708,112.86169253044294
2020-03-05,114.400002,117.25,113.910004,115.919998,112.6838,8546100,115.65549965,5.45974789009684,110.19575175990316,121.11524754009683,2.72987394504842,118.38537359504842,112.92562570495157
2020-03-06,113.870003,117.910004,113.010002,117.230003,113.957222,9803700,115.61099964999998,5.435838905892714,110.17516074410727,121.04683855589269,2.717919452946357,118.32891910294634,112.89308019705362
2020-03-09,113.82,120.629997,112.730003,117.160004,113.889175,19747800,115.6569999,5.474157026393959,110.18284287360605,121.13115692639396,2.7370785131969795,118.39407841319698,112.91992138680303
2020-03-10,118.099998,120.68,114.919998,119.790001,116.445755,12599100,115.69250025000001,5.503397989880392,110.18910226011961,121.1958982398804,2.751698994940196,118.44419924494021,112.94080125505981
2020-03-11,117.510002,119.029999,112.800003,114.43,111.235397,10540000,115.91950030000002,5.779274567730766,110.14022573226926,121.69877486773079,2.889637283865383,118.80913758386541,113.02986301613464
2020-03-12,106.019997,111.489998,102.980003,104.050003,101.14518,18774400,115.8710002,5.812086718418698,110.0589134815813,121.6830869184187,2.906043359209349,118.77704355920935,112.96495684079065
2020-03-13,108.239998,114.589996,103.879997,114.099998,110.914612,14320700,115.28100045000001,7.76756460831961,107.5134358416804,123.04856505831961,3.883782304159805,119.16478275415982,111.3972181458402
2020-03-16,105.199997,111.330002,102.0,106.760002,103.77951,12251300,115.11400025,7.718173326378459,107.39582692362154,122.83217357637847,3.8590866631892293,118.97308691318923,111.25491358681077
2020-03-17,112.769997,119.269997,110.459999,119.260002,115.930557,17602000,114.55750040000002,8.411186283992297,106.14631411600773,122.96868668399232,4.2055931419961485,118.76309354199617,110.35190725800388
2020-03-18,115.0,128.080002,114.5,122.580002,119.157867,25785300,114.53900065000002,8.367995318427113,106.1710053315729,122.90699596842714,4.183997659213556,118.72299830921358,110.35500299078646
2020-03-19,124.459999,127.0,117.629997,119.449997,116.629028,19033500,114.78400075000002,8.985633567646651,105.79836718235336,123.76963431764668,4.492816783823326,119.27681753382335,110.29118396617669
2020-03-20,119.5,122.790001,111.889999,113.970001,111.278458,18474500,114.87200050000001,9.131044317931028,105.74095618206898,124.00304481793104,4.565522158965514,119.43752265896552,110.3064783410345
2020-03-23,114.169998,117.540001,112.209999,114.279999,111.581131,13122000,114.64150045000001,8.976431074687763,105.66506937531224,123.61793152468778,4.488215537343882,119.12971598734389,110.15328491265613
2020-03-24,115.870003,117.370003,111.309998,115.029999,112.313416,14235000,114.5395004,8.944124513311547,105.59537588668844,123.48362491331154,4.472062256655773,119.01156265665577,110.06743814334422
2020-03-25,112.970001,114.0,108.050003,109.400002,106.816376,17762500,114.57150039999999,8.946335280505673,105.62516511949431,123.51783568050567,4.473167640252837,119.04466804025283,110.09833275974715
2020-03-26,109.400002,110.870003,106.849998,109.82,107.226456,19416900,114.35250054999997,9.223267070893076,105.1292334791069,123.57576762089305,4.611633535446538,118.96413408544652,109.74086701455343
2020-03-27,110.110001,112.279999,108.599998,109.580002,106.992119,12053500,114.32350044999998,9.276289922561721,105.04721052743827,123.5997903725617,4.638144961280861,118.96164541128084,109.68535548871913
2020-03-30,111.860001,115.800003,110.940002,115.190002,112.469635,9737500,114.41850055,9.03805236290544,105.38044818709457,123.45655291290544,4.51902618145272,118.93752673145272,109.89947436854729
2020-03-31,114.309998,116.190002,112.639999,113.620003,110.936714,8752800,114.3840008,9.020724921336324,105.36327587866367,123.40472572133632,4.510362460668162,118.89436326066816,109.87363833933183
2020-04-01,112.150002,115.529999,111.800003,114.139999,111.444427,9423200,114.41950075,9.002813023439794,105.4166877265602,123.4223137734398,4.501406511719897,118.92090726171989,109.9180942382801
2020-04-02,113.18,119.110001,112.339996,118.650002,115.847916,9838500,114.28800085,8.938239824574797,105.34976102542521,123.2262406745748,4.469119912287399,118.7571207622874,109.8188809377126
2020-04-03,117.209999,119.910004,117.029999,119.480003,116.658325,9541700,114.42450105,9.115389723440977,105.30911132655902,123.53989077344099,4.557694861720488,118.9821959117205,109.86680618827951
2020-04-06,119.059998,126.389999,118.940002,126.07,123.09269,15922900,114.53700105,9.30468465694638,105.23231639305362,123.84168570694638,4.65234232847319,119.1893433784732,109.8846587215268
2020-04-07,123.980003,126.489998,121.639999,121.989998,119.109024,13789900,114.98250085000002,10.536093219927949,104.44640763007207,125.51859406992797,5.2680466099639744,120.250547459964,109.71445424003605
2020-04-08,123.690002,123.809998,120.589996,121.839996,118.962578,9292200,115.09250070000003,10.7777294544822,104.31477124551783,125.87023015448223,5.3888647272411,120.48136542724113,109.70363597275893
2020-04-09,118.220001,122.870003,117.660004,121.800003,118.923546,10942900,115.46300050000002,11.16370587735172,104.2992946226483,126.62670637735174,5.58185293867586,121.04485343867589,109.88114756132416
2020-04-13,121.269997,125.669998,121.169998,125.300003,122.340874,8064700,116.35050049999998,10.171426727161602,106.17907377283838,126.52192722716158,5.085713363580801,121.43621386358078,111.26478713641919
2020-04-14,127.099998,129.78999299999998,126.040001,129.0,125.953491,11366300,116.91050074999998,10.826323810279145,106.08417693972083,127.73682456027913,5.413161905139573,122.32366265513956,111.49733884486041
2020-04-15,129.0,129.880005,127.120003,128.759995,125.719154,7478400,118.02250064999998,10.994898161557337,107.02760248844265,129.0173988115573,5.497449080778669,123.51994973077865,112.52505156922132
2020-04-16,129.0,132.919998,128.25,132.330002,129.20486499999998,10627400,118.49750029999998,11.947290989091313,106.55020931090867,130.44479128909128,5.973645494545656,124.47114579454563,112.52385480545433
2020-04-17,131.479996,132.970001,129.729996,132.119995,128.99981699999998,10305100,118.9850003,13.293659902676257,105.69134039732374,132.27866020267626,6.646829951338129,125.63183025133813,112.33817034866186
2020-04-20,132.389999,133.380005,129.759995,129.850006,126.783424,8133900,119.6185002,14.476825545761953,105.14167465423805,134.09532574576195,7.238412772880976,126.85691297288098,112.38008742711902
2020-04-21,130.070007,131.029999,128.160004,129.21000700000002,126.158546,9300200,120.41250045000001,14.886650591688925,105.52584985831109,135.29915104168893,7.4433252958444625,127.85582574584447,112.96917515415555
2020-04-22,130.0,132.380005,128.899994,131.589996,128.48233000000002,6482700,121.15900084999998,15.077832203033692,106.08116864696629,136.23683305303368,7.538916101516846,128.69791695151682,113.62008474848314
2020-04-23,129.850006,131.089996,127.730003,128.529999,125.494598,9613300,121.9870007,15.45467204973447,106.53232865026553,137.44167274973447,7.727336024867235,129.71433672486722,114.25966467513277
2020-04-24,129.350006,129.889999,128.559998,129.440002,126.383102,5781200,122.94350055,14.56238230540058,108.38111824459942,137.50588285540059,7.28119115270029,130.22469170270028,115.66230939729971
2020-04-27,130.0,130.309998,128.169998,128.300003,125.270027,5974600,123.92450064999998,13.49848830442299,110.42601234557699,137.42298895442298,6.749244152211495,130.67374480221147,117.1752564977885
2020-04-28,128.279999,130.240005,127.699997,128.0,124.977112,6910700,124.86050069999999,11.890369127543723,112.97013157245627,136.7508698275437,5.945184563771861,130.80568526377186,118.91531613622813
2020-04-29,125.57,125.760002,122.550003,123.599998,120.681015,14870700,125.50100059999997,11.090874611645587,114.41012598835438,136.59187521164554,5.5454373058227935,131.04643790582276,119.95556329417718
2020-04-30,123.080002,123.440002,121.040001,121.550003,118.679436,13499300,126.00000035000001,9.721246732392125,116.27875361760789,135.72124708239213,4.860623366196062,130.86062371619607,121.13937698380394
2020-05-01,121.480003,123.690002,120.779999,122.919998,120.017075,10381300,126.37050055,8.353569615310894,118.01693093468911,134.7240701653109,4.176784807655447,130.54728535765545,122.19371574234455
2020-05-04,123.839996,124.400002,121.709999,123.699997,120.778656,5935900,126.58400035000003,7.749823911344447,118.83417643865558,134.33382426134446,3.8749119556722236,130.45891230567224,122.70908839432781
2020-05-05,123.800003,125.260002,123.260002,124.730003,121.784348,6445800,126.79500005000003,7.172992859193895,119.62200719080613,133.96799290919392,3.5864964295969477,130.38149647959696,123.20850362040308
2020-05-06,125.209999,125.489998,122.849998,123.300003,120.388107,5769700,126.72800020000003,7.223682453378489,119.50431774662154,133.95168265337853,3.6118412266892443,130.33984142668928,123.11615897331077
2020-05-07,123.459999,123.980003,121.5,121.889999,119.53492,9115200,126.79350045000001,7.0728302006656865,119.72067024933432,133.8663306506657,3.5364151003328432,130.32991555033286,123.25708534966716
2020-05-08,122.75,123.010002,121.620003,122.940002,120.564629,6943600,126.7960006,7.065856357954425,119.73014424204557,133.86185695795442,3.5329281789772127,130.3289287789772,123.26307242102278
2020-05-11,123.040001,124.309998,123.010002,123.669998,121.280518,8447300,126.85300055,6.92062690302289,119.93237364697711,133.7736274530229,3.460313451511445,130.31331400151146,123.39268709848857
2020-05-12,124.480003,125.660004,123.779999,123.779999,121.388405,6366700,126.77150029999999,7.029398860247158,119.74210143975283,133.80089916024716,3.514699430123579,130.28619973012357,123.2568008698764
2020-05-13,123.5,126.239998,123.089996,123.709999,121.319756,9725100,126.51050024999999,7.066578949891125,119.44392130010887,133.57707919989113,3.5332894749455623,130.04378972494555,122.97721077505443
2020-05-14,124.849998,125.129997,121.300003,123.419998,121.035347,7411000,126.25800044999998,7.087879060991306,119.17012138900867,133.3458795109913,3.543939530495653,129.80193998049563,122.71406091950433
2020-05-15,123.470001,125.940002,123.089996,125.940002,123.50666,10590000,125.81250025,6.609172329954754,119.20332792004524,132.42167257995476,3.304586164977377,129.11708641497736,122.50791408502262
2020-05-18,127.5,128.559998,126.099998,127.660004,125.193428,12877900,125.50350060000001,5.945215646823436,119.55828495317657,131.44871624682344,2.972607823411718,128.47610842341172,122.53089277658829
2020-05-19,131.75,131.990005,124.809998,124.949997,122.535797,24915400,125.39400049999999,5.696429367948895,119.6975711320511,131.0904298679489,2.8482146839744473,128.24221518397445,122.54578581602554
2020-05-20,126.489998,126.589996,124.629997,125.449997,123.026131,10748800,125.181,5.421704288507776,119.75929571149223,130.60270428850777,2.710852144253888,127.89185214425389,122.4701478557461
2020-05-21,124.889999,126.139999,124.25,124.989998,122.57501200000002,7482700,124.87400005000002,4.562598760182858,120.31140128981716,129.4365988101829,2.281299380091429,127.15529943009145,122.5927006699086
2020-05-22,125.099998,125.349998,123.769997,124.330002,121.927773,7453200,124.69700000000003,4.245163932761934,120.45183606723809,128.94216393276196,2.122581966380967,126.819581966381,122.57441803361907
2020-05-26,124.339996,125.510002,123.629997,123.860001,121.466858,7910200,124.44150000000005,3.645273614973612,120.79622638502643,128.08677361497365,1.822636807486806,126.26413680748685,122.61886319251325
2020-05-27,123.970001,124.489998,121.029999,122.480003,120.113518,10357900,124.21949990000003,3.1907526835562083,121.02874721644382,127.41025258355624,1.5953763417781042,125.81487624177814,122.62412355822192
2020-05-28,123.720001,124.949997,123.160004,123.690002,121.300148,8141600,123.94350005000001,2.7609659017494184,121.1825341482506,126.70446595174943,1.3804829508747092,125.32398300087472,122.5630170991253
2020-05-29,124.239998,124.709999,121.93,124.059998,121.662994,9770400,123.94800024999999,2.7590043899970036,121.18899586000299,126.707004639997,1.3795021949985018,125.3275024449985,122.56849805500148
2020-06-01,123.440002,124.410004,122.360001,123.959999,121.564919,6850100,124.07350000000001,2.5301254933346664,121.54337450666534,126.60362549333468,1.2650627466673332,125.33856274666735,122.80843725333267
2020-06-02,123.589996,124.150002,122.809998,123.940002,121.545311,6395900,124.12550005,2.4753145484607373,121.65018550153926,126.60081459846074,1.2376572742303686,125.36315732423037,122.88784277576963
2020-06-03,123.900002,123.989998,122.660004,123.470001,121.084396,6754300,124.13750029999999,2.469266576540498,121.66823372345948,126.60676687654049,1.234633288270249,125.37213358827023,122.90286701172974
2020-06-04,122.800003,123.889999,121.82,122.110001,119.750664,8005000,124.07450020000002,2.4698786506261063,121.60462154937392,126.54437885062612,1.2349393253130532,125.30943952531307,122.83956087468697
2020-06-05,122.57,122.68,119.910004,121.559998,119.21128799999998,13112400,124.0150001,2.595769970551543,121.41923012944845,126.61077007055154,1.2978849852757715,125.31288508527577,122.71711511472422
2020-06-08,119.580002,121.239998,119.459999,121.239998,118.897476,9448100,123.99850005,2.6531516844345324,121.34534836556547,126.65165173443454,1.3265758422172662,125.32507589221727,122.67192420778274
2020-06-09,121.599998,122.0,120.559998,121.349998,119.005348,6915400,123.91349985,2.8823769379138664,121.03112291208613,126.79587678791385,1.4411884689569332,125.35468831895693,122.47231138104306
2020-06-10,121.559998,122.5,121.129997,121.160004,118.819016,9380500,123.79749984999998,3.091394916379614,120.70610493362037,126.8888947663796,1.545697458189807,125.34319730818979,122.25180239181017
2020-06-11,120.989998,122.580002,119.480003,120.089996,117.769691,11387600,123.66650009999998,3.2983775415832506,120.36812255841673,126.96487764158323,1.6491887707916253,125.3156888707916,122.01731132920835
2020-06-12,120.510002,120.75,117.059998,117.739998,115.465096,10786400,123.48549995,3.6477593224092786,119.83774062759073,127.13325927240928,1.8238796612046393,125.30937961120465,121.66162028879536
2020-06-15,118.400002,118.68,117.010002,118.080002,115.798538,10901100,123.20149995,4.42547449485632,118.77602545514368,127.62697444485632,2.21273724742816,125.41423719742816,120.98876270257183
2020-06-16,119.800003,120.230003,118.540001,119.650002,117.338196,8389200,122.80849995000001,4.765826062648929,118.04267388735109,127.57432601264894,2.3829130313244646,125.19141298132448,120.42558691867555
2020-06-17,119.860001,120.129997,118.400002,119.029999,116.730171,6722300,122.40799984999998,4.399920486738517,118.00807936326146,126.8079203367385,2.1999602433692584,124.60796009336924,120.20803960663072
2020-06-18,118.540001,119.059998,117.660004,117.989998,115.710266,6690000,122.11199994999997,4.4719866472094685,117.6400133027905,126.58398659720943,2.2359933236047342,124.3479932736047,119.87600662639524
2020-06-19,118.889999,120.300003,117.75,119.849998,117.534332,13359600,121.73899999999999,4.540031263771077,117.19896873622892,126.27903126377106,2.2700156318855385,124.00901563188553,119.46898436811445
2020-06-22,120.970001,122.089996,120.400002,121.68,119.328972,9112800,121.482,4.352879045875131,117.12912095412487,125.83487904587513,2.1764395229375655,123.65843952293757,119.30556047706243
2020-06-23,122.75,122.849998,120.959999,121.07,118.730759,6575900,121.3494999,4.154870467730367,117.19462943226964,125.50437036773036,2.0774352338651836,123.42693513386519,119.27206466613481
2020-06-24,120.739998,121.120003,119.580002,120.300003,117.975639,6871600,121.20999985,3.992519058441389,117.21748079155861,125.20251890844139,1.9962595292206946,123.2062593792207,119.21374032077931
2020-06-25,119.760002,120.160004,118.379997,119.709999,117.397041,6856600,121.10099985,3.9668276601357055,117.13417218986429,125.0678275101357,1.9834138300678528,123.08441368006784,119.11758601993215
2020-06-26,119.599998,120.839996,118.019997,118.32,116.033897,8997200,120.9019997,3.82409566993516,117.07790403006484,124.72609536993517,1.91204783496758,122.81404753496759,118.98995186503242
2020-06-29,118.5,119.68,118.220001,119.059998,116.75959,5503800,120.6149998,3.6922873344332574,116.92271246556675,124.30728713443327,1.8461436672166287,122.46114346721663,118.76885613278338
2020-06-30,119.220001,120.129997,118.540001,119.779999,117.465691,6836400,120.36999975000003,3.411552117734209,116.95844763226583,123.78155186773424,1.7057760588671045,122.07577580886714,118.66422369113293
2020-07-01,119.449997,119.919998,118.660004,119.690002,117.377426,6577900,120.16199960000002,2.997710554142238,117.16428904585777,123.15971015414226,1.498855277071119,121.66085487707113,118.6631443229289
2020-07-02,120.089996,120.879997,118.860001,119.209999,116.906693,5898600,119.97299964999999,2.5883134154148557,117.38468623458513,122.56131306541485,1.2941567077074279,121.26715635770742,118.67884294229256
2020-07-06,119.800003,119.870003,118.220001,118.889999,116.59288,7231700,119.82799954999999,2.412124637081633,117.41587491291835,122.24012418708162,1.2060623185408166,121.0340618685408,118.62193723145917
2020-07-07,118.449997,127.550003,118.220001,126.949997,124.497147,31152700,119.6944996,2.3071761091030245,117.38732349089697,122.00167570910303,1.1535880545515123,120.8480876545515,118.5409115454485
2020-07-08,128.0,128.130005,124.400002,124.440002,122.035637,17405700,119.97999955,3.8791437400561213,116.10085580994388,123.85914329005612,1.9395718700280606,121.91957142002806,118.04042767997194
2020-07-09,125.610001,128.179993,124.949997,127.75,125.281693,14257200,120.13449975,4.307577060136842,115.82692268986317,124.44207681013684,2.153788530068421,122.28828828006843,117.98071121993158
2020-07-10,128.740005,131.369995,127.260002,130.679993,128.155075,14745600,120.46399955,5.432290186874538,115.03170936312546,125.89628973687454,2.716145093437269,123.18014464343726,117.74785445656273
2020-07-13,131.330002,133.630005,128.889999,129.520004,127.017494,14112800,120.99349939999999,7.016667657287137,113.97683174271285,128.01016705728713,3.5083338286435684,124.50183322864356,117.48516557135642
2020-07-14,129.279999,132.5,129.029999,132.009995,129.459381,8818600,121.5824997,7.763320260431283,113.81917943956871,129.34581996043127,3.8816601302156415,125.46415983021564,117.70083956978436
2020-07-15,132.270004,134.130005,130.800003,132.0,129.44957,10577100,122.27899935,8.810319405948102,113.4686799440519,131.0893187559481,4.405159702974051,126.68415905297405,117.87383964702596
2020-07-16,132.050003,132.729996,131.240005,132.199997,129.645721,5892200,122.89649925,9.67541982774,113.22107942226,132.57191907774,4.83770991387,127.73420916387,118.05878933613
2020-07-17,133.369995,133.369995,131.470001,131.740005,129.194626,6063200,123.55499915,10.305353444206817,113.24964570579318,133.86035259420683,5.152676722103409,128.7076758721034,118.40232242789659
2020-07-20,131.96000700000002,132.740005,131.139999,131.470001,128.929825,6114200,124.24249950000001,10.56005204902094,113.68244745097907,134.80255154902096,5.28002602451047,129.52252552451048,118.96247347548953
2020-07-21,131.559998,133.990005,131.449997,132.330002,129.773209,7237500,124.82349965,10.805230042985261,114.01826960701474,135.62872969298527,5.402615021492631,130.22611467149264,119.42088462850737
2020-07-22,132.570007,133.029999,131.190002,132.660004,130.096832,5388200,125.35599975000002,11.17640229913152,114.1795974508685,136.53240204913155,5.58820114956576,130.94420089956577,119.76779860043426
2020-07-23,133.0,133.149994,131.309998,131.639999,129.096527,5598800,125.93549995000001,11.426479040817243,114.50902090918277,137.36197899081725,5.713239520408622,131.64873947040863,120.22226042959139
2020-07-24,130.949997,132.399994,130.509995,131.240005,128.704285,4345800,126.50249975,11.37694883899167,115.12555091100833,137.87944858899166,5.688474419495835,132.19097416949583,120.81402533050417
2020-07-27,130.860001,131.979996,130.860001,131.21000700000002,128.67486599999998,4681900,127.07900004999996,11.107057774786215,115.97194227521375,138.1860578247862,5.5535288873931075,132.63252893739306,121.52547116260685
2020-07-28,131.5,132.380005,130.919998,131.759995,129.214203,4804700,127.72350039999999,10.477320120949255,117.24618027905073,138.20082052094924,5.238660060474627,132.96216046047462,122.48484033952536
2020-07-29,131.559998,131.860001,129.850006,130.690002,128.16488600000002,4741100,128.35850024999996,9.818795274525929,118.53970497547404,138.1772955245259,4.909397637262964,133.26789788726293,123.449102612737
2020-07-30,129.419998,130.419998,128.720001,130.119995,127.605896,4596100,128.9040004,9.032580048427631,119.87142035157237,137.93658044842763,4.5162900242138155,133.42029042421382,124.38771037578618
2020-07-31,129.649994,130.089996,127.620003,129.399994,126.899818,7210500,129.42550004999995,7.988481086029921,121.43701896397003,137.41398113602986,3.9942405430149606,133.41974059301492,125.43125950698499
2020-08-03,129.910004,130.119995,128.270004,129.300003,126.801743,4990500,129.93499979999996,6.473508156483979,123.46149164351598,136.40850795648393,3.2367540782419897,133.17175387824196,126.69824572175797
2020-08-04,129.649994,131.71000700000002,128.940002,131.639999,129.096527,6073200,130.45549999999997,4.062617588706373,126.3928824112936,134.51811758870633,2.0313087943531865,132.48680879435315,128.4241912056468
2020-08-05,130.449997,130.75,128.830002,129.809998,127.30188,8494500,130.69000009999996,3.7560348512846278,126.93396524871534,134.4460349512846,1.8780174256423139,132.5680175256423,128.81198267435764
2020-08-06,129.130005,130.229996,129.029999,129.350006,126.850784,4832100,130.9584999,2.4823002886163374,128.47619961138366,133.44080018861632,1.2411501443081687,132.19965004430816,129.71734975569183
2020-08-07,129.580002,130.46000700000002,129.110001,129.970001,127.458794,5519500,131.03850020000002,2.143541633482268,128.89495856651774,133.1820418334823,1.071770816741134,132.11027101674114,129.9667293832589
2020-08-10,130.240005,132.339996,129.649994,131.880005,129.331909,5894400,131.0030006,2.1891465171753466,128.81385408282466,133.19214711717535,1.0945732585876733,132.09757385858768,129.90842734141233
2020-08-11,132.589996,132.869995,129.729996,130.199997,127.684364,8453400,131.12100065,2.1096535229422164,129.0113471270578,133.23065417294222,1.0548267614711082,132.17582741147112,130.0661738885289
2020-08-12,130.470001,132.229996,129.080002,131.889999,129.34169,6364800,131.03050075000004,2.1046292816215266,128.92587146837852,133.13513003162157,1.0523146408107633,132.0828153908108,129.9781861091893
2020-08-13,131.21000700000002,131.96000700000002,130.729996,131.850006,129.834045,6622400,131.02500070000002,2.095019116872023,128.929981583128,133.12001981687203,1.0475095584360115,132.07251025843604,129.977491141564
2020-08-14,132.339996,132.970001,131.630005,132.600006,130.572586,6702100,131.00750115000002,2.061039458880228,128.9464616911198,133.06854060888026,1.030519729440114,132.03802087944013,129.97698142055992
2020-08-17,134.350006,136.130005,133.850006,135.600006,133.526718,13155000,131.05050120000004,2.154156353485754,128.8963448465143,133.2046575534858,1.077078176742877,132.12757937674291,129.97342302325717
2020-08-18,136.169998,137.630005,133.169998,134.71000700000002,132.65033,26744200,131.25700145000002,2.9281774110984813,128.32882403890153,134.1851788610985,1.4640887055492406,132.72109015554926,129.79291274445077
2020-08-19,134.21000700000002,134.660004,131.850006,132.410004,130.38549799999998,12718400,131.37600170000002,3.2667969239720542,128.10920477602795,134.64279862397208,1.6333984619860271,133.00940016198604,129.742603238014
2020-08-20,131.21000700000002,132.070007,130.050003,130.570007,128.573624,8936900,131.3635017,3.248913189433242,128.11458851056676,134.61241488943324,1.624456594716621,132.98795829471663,129.73904510528337
2020-08-21,130.550003,132.669998,130.100006,131.630005,129.617416,8288000,131.3100021,3.264142261004688,128.0458598389953,134.57414436100467,1.632071130502344,132.94207323050233,129.67793096949765
2020-08-24,132.25,132.479996,130.330002,131.330002,129.32200600000002,6604600,131.32950209999998,3.266895185413331,128.06260691458667,134.5963972854133,1.6334475927066654,132.96294969270664,129.69605450729333
2020-08-25,130.800003,131.240005,129.669998,130.630005,128.632706,7240800,131.33550184999999,3.266436039274572,128.06906581072542,134.60193788927455,1.633218019637286,132.96871986963728,129.7022838303627
2020-08-26,130.21000700000002,130.880005,129.699997,130.699997,128.70163,6271600,131.27900234999998,3.2741933203253817,128.0048090296746,134.55319567032538,1.6370966601626908,132.91609901016267,129.6419056898373
2020-08-27,131.080002,139.350006,130.899994,136.630005,134.540985,39672900,131.27950210000003,3.2738365958716993,128.00566550412833,134.55333869587173,1.6369182979358496,132.91642039793587,129.6425838020642
2020-08-28,141.0,141.070007,137.839996,140.300003,138.154846,21350300,131.60500260000003,3.9687389266692015,127.63626367333083,135.57374152666924,1.9843694633346007,133.58937206333462,129.62063313666545
2020-08-31,137.479996,138.889999,135.529999,138.850006,136.727036,15078800,132.15000305000004,5.358262825958039,126.791740224042,137.50826587595807,2.6791314129790194,134.82913446297906,129.47087163702102
2020-09-01,141.199997,149.589996,140.050003,147.589996,145.33338899999995,35599400,132.62750320000004,5.928951238460769,126.69855196153927,138.5564544384608,2.9644756192303845,135.5919788192304,129.66302758076966
2020-09-02,151.25,151.330002,145.610001,147.679993,145.421997,17222000,133.42500305000002,8.785706801052052,124.63929624894796,142.21070985105206,4.392853400526026,137.81785645052605,129.03214964947398
2020-09-03,146.699997,149.600006,141.809998,144.53999299999995,142.330017,16005000,134.3185028,10.584071625497774,123.73443117450223,144.9025744254978,5.292035812748887,139.61053861274888,129.02646698725113
2020-09-04,144.020004,145.03999299999995,140.100006,142.830002,140.64617900000002,11327400,135.07800215000003,11.210432436551338,123.86756971344869,146.28843458655138,5.605216218275669,140.6832183682757,129.47278593172436
2020-09-08,141.410004,141.899994,138.259995,138.449997,136.33316000000002,11322300,135.72100220000002,11.437673030056512,124.2833291699435,147.15867523005653,5.718836515028256,141.43983871502826,130.00216568497177
2020-09-09,140.089996,142.610001,139.449997,139.889999,137.751129,11223000,136.0495018,11.354626678992371,124.69487512100763,147.40412847899236,5.677313339496186,141.72681513949618,130.37218846050382
2020-09-10,140.059998,140.53999299999998,136.589996,136.809998,134.71821599999998,11236400,136.5340019,11.139799284515059,125.39420261548493,147.67380118451504,5.569899642257529,142.10390154225752,130.96410225774247
2020-09-11,137.050003,138.440002,135.550003,136.699997,134.609894,9626600,136.78000185000002,10.934118454639291,125.84588339536073,147.71412030463932,5.467059227319646,142.24706107731967,131.31294262268037
2020-09-14,136.139999,141.100006,135.880005,137.320007,135.22041299999998,15244600,137.02250140000004,10.698599468719445,126.32390193128059,147.72110086871947,5.349299734359723,142.37180113435977,131.6732016656403
2020-09-15,138.229996,139.080002,136.679993,137.360001,135.259811,10142600,137.25850145,10.504439789988139,126.75406166001187,147.76294123998815,5.252219894994069,142.51072134499407,132.00628155500596
2020-09-16,138.410004,138.679993,136.050003,136.259995,134.17662,9286800,137.34650119999998,10.476842008815522,126.86965919118445,147.8233432088155,5.238421004407761,142.58492220440775,132.1080801955922
2020-09-17,135.429993,137.570007,135.020004,136.690002,134.600052,12415000,137.42400059999997,10.420464128861111,127.00353647113886,147.84446472886108,5.2102320644305555,142.63423266443053,132.21376853556941
2020-09-18,136.440002,137.529999,134.75,135.28999299999998,133.221451,18236400,137.63800049999998,10.172640131257923,127.46536036874205,147.8106406312579,5.0863200656289616,142.72432056562894,132.551680434371
2020-09-21,136.5,137.240005,135.28999299999998,137.070007,134.974243,15758500,137.87399979999995,9.714481251331957,128.159518548668,147.5884810513319,4.857240625665979,142.73124042566593,133.01675917433397
2020-09-22,137.070007,138.990005,136.570007,138.309998,136.19528200000002,11034000,138.14599989999994,9.295536371661674,128.85046352833825,147.44153627166162,4.647768185830837,142.79376808583078,133.4982317141691
2020-09-23,139.0,139.240005,135.820007,135.990005,133.910751,7711100,138.49499969999994,8.754062291078627,129.7409374089213,147.24906199107858,4.377031145539314,142.87203084553926,134.11796855446062
2020-09-24,135.729996,137.78999299999998,135.070007,136.699997,134.609894,9817700,138.76299969999997,8.076489457634722,130.68651024236524,146.8394891576347,4.038244728817361,142.8012444288173,134.72475497118262
2020-09-25,136.520004,137.53999299999998,135.96000700000002,137.270004,135.171188,7539600,139.0629997,7.2607489613183,131.8022507386817,146.32374866131832,3.63037448065915,142.69337418065916,135.43262521934085
2020-09-28,137.160004,138.050003,136.720001,137.25,135.151489,7065700,139.09499965000003,7.223119379193651,131.87188027080637,146.3181190291937,3.6115596895968256,142.70655933959685,135.48343996040322
2020-09-29,137.25,138.139999,136.389999,137.139999,135.04316699999998,9234300,138.9424995,7.243674931281811,131.69882456871818,146.1861744312818,3.6218374656409056,142.5643369656409,135.3206620343591
2020-09-30,137.389999,141.740005,137.199997,139.910004,137.77081299999998,11608800,138.85699915000004,7.2862662503968165,131.57073289960323,146.14326540039684,3.6431331251984083,142.50013227519844,135.21386602480163
2020-10-01,140.800003,144.380005,140.259995,143.080002,140.892349,14430300,138.47299955,6.121157582261193,132.3518419677388,144.5941571322612,3.0605787911305966,141.5335783411306,135.4124207588694
2020-10-02,142.339996,143.100006,140.130005,140.5,138.351791,8195000,138.243,4.954605898763849,133.28839410123615,143.19760589876384,2.4773029493819245,140.72030294938193,135.76569705061806
2020-10-05,141.28999299999995,142.190002,141.070007,141.800003,139.631927,4753000,138.04100035000002,4.18010643515872,133.8608939148413,142.22110678515872,2.09005321757936,140.1310535675794,135.95094713242065
2020-10-06,141.869995,142.940002,140.25,140.630005,138.47981299999998,7158500,137.98950039999997,3.96254888344058,134.0269515165594,141.95204928344054,1.98127444172029,139.97077484172027,136.00822595827967
2020-10-07,141.259995,141.550003,140.25,140.889999,138.735825,5649700,138.09850079999998,4.123870850264042,133.97462994973594,142.22237165026402,2.061935425132021,140.160436225132,136.03656537486796
2020-10-08,141.509995,142.089996,141.119995,141.360001,139.198639,4892300,138.1485008,4.232364595549098,133.9161362044509,142.38086539554908,2.116182297774549,140.26468309777454,136.03231850222545
2020-10-09,141.660004,143.339996,141.559998,142.779999,140.596924,4831600,138.37600095,4.405713739504173,133.97028721049583,142.78171468950416,2.2028568697520865,140.57885781975207,136.1731440802479
2020-10-12,143.020004,145.389999,143.020004,144.25,142.04446399999995,6134100,138.68000104999996,4.728413182882123,133.95158786711784,143.40841423288208,2.3642065914410617,141.04420764144103,136.31579445855888
2020-10-13,144.679993,146.600006,144.360001,146.229996,143.994186,7933400,139.02650069999999,5.264285715616706,133.7622149843833,144.29078641561668,2.632142857808353,141.65864355780835,136.39435784219162
2020-10-14,146.399994,146.529999,143.759995,143.940002,141.739197,6570300,139.47000045,6.0620591089208515,133.40794134107912,145.53205955892085,3.0310295544604258,142.5010300044604,136.43897089553957
2020-10-15,143.089996,144.96000700000005,142.839996,144.529999,142.320175,4564200,139.8540008,6.172041099866746,133.68195970013323,146.02604189986675,3.086020549933373,142.94002134993337,136.7679802500666
2020-10-16,145.399994,146.149994,144.470001,144.71000700000005,142.49743700000005,5645000,140.24600064999998,6.312705439100147,133.93329521089984,146.55870608910013,3.1563527195500733,143.40235336955007,137.0896479304499
2020-10-19,145.100006,145.369995,142.75,142.949997,140.764328,4881100,140.71700134999998,6.167329365003868,134.5496719849961,146.88433071500384,3.083664682501934,143.8006660325019,137.63333666749804
2020-10-20,144.110001,145.529999,143.619995,143.899994,141.699799,4841000,141.01100085000002,6.002278653081296,135.0087221969187,147.01327950308132,3.001139326540648,144.01214017654067,138.00986152345936
2020-10-21,143.839996,145.729996,143.839996,144.399994,142.192169,4371400,141.29050064999998,5.993750201788776,135.2967504482112,147.28425085178876,2.996875100894388,144.28737575089437,138.2936255491056
2020-10-22,144.190002,144.559998,142.690002,143.550003,141.355164,4448000,141.7110001,5.6153807781170855,136.0956193218829,147.3263808781171,2.8076903890585427,144.51869048905854,138.90330971094147
2020-10-23,143.970001,144.139999,142.850006,143.850006,141.650589,3513500,142.05350040000002,5.16891007668408,136.88459032331593,147.2224104766841,2.58445503834204,144.63795543834206,139.46904536165798
2020-10-26,142.839996,143.119995,140.940002,142.160004,139.98641999999998,5370600,142.38250050000002,4.727979064045215,137.6545214359548,147.11047956404525,2.3639895320226074,144.74649003202262,140.01851096797742
2020-10-27,142.050003,143.699997,141.970001,142.869995,140.685547,3943700,142.6280007,4.105373710060036,138.52262698993997,146.73337441006004,2.052686855030018,144.68068755503003,140.57531384496997
2020-10-28,140.96000700000005,142.130005,139.880005,140.03999299999998,137.89883400000002,5616400,142.9145005,3.242505894220986,139.67199460577902,146.15700639422099,1.621252947110493,144.5357534471105,141.2932475528895
2020-10-29,140.0,141.110001,138.699997,139.919998,137.780685,5051300,142.92099994999998,3.2188249925190764,139.7021749574809,146.13982494251906,1.6094124962595382,144.53041244625953,141.31158745374043
2020-10-30,139.179993,140.089996,137.369995,138.75,136.628555,6200600,142.76299974999998,3.4723370069832225,139.29066274301675,146.2353367569832,1.7361685034916112,144.49916825349158,141.02683124650838
2020-11-02,140.589996,140.809998,139.029999,140.399994,138.253326,5525200,142.67549974999997,3.7713524252004347,138.90414732479954,146.4468521752004,1.8856762126002173,144.5611759626002,140.78982353739974
2020-11-03,141.649994,144.160004,141.570007,142.779999,140.596924,5137700,142.60549929999996,3.88404238324827,138.7214569167517,146.48954168324823,1.942021191624135,144.54752049162408,140.66347810837584
2020-11-04,141.570007,144.389999,141.339996,141.96000700000005,139.78949,5975800,142.71299899999994,3.776921362176088,138.93607763782384,146.48992036217604,1.888460681088044,144.601459681088,140.8245383189119
2020-11-05,144.0,144.229996,142.940002,143.470001,141.276382,4734200,142.7664994,3.701677916198843,139.06482148380115,146.46817731619882,1.8508389580994216,144.6173383580994,140.91566044190057
2020-11-06,144.360001,146.220001,143.550003,145.770004,143.54122900000004,5399500,142.8719994,3.6553021415026983,139.2166972584973,146.52730154150268,1.8276510707513491,144.69965047075135,141.04434832924863
2020-11-09,148.0,148.199997,143.479996,143.53999299999995,141.345322,9399500,143.02149965000004,3.866500454452083,139.15499919554796,146.88800010445212,1.9332502272260415,144.95474987722608,141.088249422774
2020-11-10,143.75,146.440002,143.529999,145.559998,143.334427,6066400,142.98599930000003,3.83362871359323,139.1523705864068,146.81962801359327,1.916814356796615,144.90281365679664,141.06918494320342
2020-11-11,146.919998,148.96000700000005,146.399994,147.979996,145.717438,6268600,142.95249940000002,3.729961271123952,139.22253812887607,146.68246067112398,1.864980635561976,144.817480035562,141.08751876443804
2020-11-12,148.479996,148.71000700000005,147.100006,148.229996,145.963608,4188100,143.1544991,4.31387386283897,138.84062523716105,147.46837296283897,2.156936931419485,145.3114360314195,140.99756216858052
2020-11-13,148.940002,150.940002,147.520004,150.53999299999995,148.238281,6579400,143.33949895000003,4.821446016278419,138.5180529337216,148.16094496627846,2.4107230081392097,145.75022195813924,140.92877594186083
2020-11-16,150.529999,153.399994,149.279999,152.440002,150.10923799999995,11520100,143.63099825,5.73587123025605,137.89512701974397,149.36686948025604,2.867935615128025,146.49893386512804,140.76306263487197
2020-11-17,150.5,153.240005,149.179993,149.369995,147.086182,14237200,144.1054985,6.886695411740038,137.21880308825996,150.99219391174006,3.443347705870019,147.54884620587003,140.66215079412999
2020-11-18,149.860001,151.669998,149.050003,149.089996,146.810471,8312300,144.37899854999998,7.25685213053702,137.12214641946295,151.635850680537,3.62842606526851,148.0074246152685,140.75057248473146
2020-11-19,149.46000700000005,152.449997,149.320007,152.119995,149.794128,6196900,144.61349864999997,7.541919708527586,137.07157894147238,152.15541835852756,3.770959854263793,148.38445850426376,140.84253879573617
2020-11-20,151.169998,152.759995,149.809998,150.240005,147.94288600000004,7312400,145.04199824999998,8.196913940750814,136.84508430924916,153.2389121907508,4.098456970375407,149.14045522037537,140.94354127962458
2020-11-23,150.369995,151.399994,149.369995,150.929993,148.622314,6185700,145.36149819999997,8.479431762192096,136.88206643780788,153.84092996219206,4.239715881096048,149.60121408109603,141.1217823189039
2020-11-24,151.740005,151.979996,150.270004,151.360001,149.045761,5718400,145.79999765,8.676597823114173,137.12339982688582,154.47659547311417,4.338298911557087,150.13829656155707,141.46169873844292
2020-11-25,151.25,152.389999,151.21000700000005,151.830002,149.50856000000005,4611100,146.22449795,8.889785830371288,137.3347121196287,155.1142837803713,4.444892915185644,150.66939086518565,141.77960503481435
2020-11-27,152.149994,152.720001,151.100006,151.600006,149.28208899999996,3666500,146.8139984,8.733439403995867,138.08055899600413,155.54743780399588,4.366719701997933,151.18071810199794,142.44727869800207
2020-11-30,151.600006,152.949997,150.100006,152.78999299999995,150.453873,10898500,147.39799880000004,8.365671724427068,139.03232707557297,155.7636705244271,4.182835862213534,151.58083466221356,143.21516293778652
2020-12-01,153.600006,153.660004,151.660004,152.639999,150.306183,7645100,148.09999845000002,7.672704412922762,140.42729403707725,155.77270286292278,3.836352206461381,151.9363506564614,144.26364624353863
2020-12-02,152.0,152.619995,149.529999,150.520004,148.218597,7849000,148.7119987,7.045319231722596,141.6666794682774,155.7573179317226,3.522659615861298,152.2346583158613,145.1893390841387
2020-12-03,150.279999,150.279999,148.389999,149.300003,147.017258,8575300,149.09899895,6.530964618468365,142.56803433153163,155.62996356846838,3.2654823092341827,152.3644812592342,145.83351664076582
2020-12-04,149.509995,149.509995,147.580002,148.910004,146.63320900000005,6963100,149.46599874999998,5.6506444542260805,143.81535429577391,155.11664320422605,2.8253222271130403,152.29132097711303,146.64067652288693
2020-12-07,148.46000700000005,148.990005,147.160004,148.110001,145.845459,6159700,149.73799889999998,4.950280259791397,144.7877186402086,154.68827915979136,2.4751401298956983,152.21313902989567,147.2628587701043
2020-12-08,147.360001,149.850006,147.179993,149.449997,147.164963,6905500,149.85499875,4.672429509160729,145.18256924083926,154.52742825916073,2.3362147545803644,152.19121350458036,147.51878399541962
2020-12-09,150.0,150.0,147.889999,148.270004,146.00299099999995,6713200,150.15049894999999,3.679573590006007,146.47092535999397,153.830072540006,1.8397867950030036,151.99028574500298,148.310712154997
2020-12-10,147.75,148.149994,146.570007,147.03999299999995,145.32106000000005,6884100,150.28599924999997,3.155714330555648,147.13028491944434,153.44171358055561,1.577857165277824,151.8638564152778,148.70814208472214
2020-12-11,146.919998,147.509995,145.940002,147.0,145.28153999999995,5620300,150.23899909999997,3.315641415605727,146.92335768439423,153.5546405156057,1.6578207078028635,151.89681980780284,148.5811783921971
2020-12-14,147.699997,147.720001,145.399994,145.649994,143.947311,8362700,150.17749929999997,3.5027636857313147,146.67473561426866,153.68026298573128,1.7513818428656573,151.92888114286563,148.4261174571343
2020-12-15,145.520004,146.360001,144.860001,145.580002,143.878143,10623800,149.93299935,4.012930730485602,145.92006861951438,153.9459300804856,2.006465365242801,151.9394647152428,147.92653398475719
2020-12-16,146.240005,146.889999,145.080002,145.429993,143.729874,8550300,149.58999935,4.262126438302328,145.32787291169768,153.85212578830232,2.131063219151164,151.72106256915117,147.45893613084883
2020-12-17,146.059998,146.440002,145.149994,146.100006,144.39205900000005,10226500,149.39299925,4.632702861406063,144.76029638859393,154.02570211140608,2.3163514307030315,151.70935068070304,147.07664781929697
2020-12-18,146.619995,147.179993,145.160004,145.949997,144.243805,13794700,149.24349975,4.850044753926082,144.39345499607393,154.0935445039261,2.425022376963041,151.66852212696304,146.81847737303698
2020-12-21,145.5,146.669998,145.059998,145.970001,144.26358000000005,8517700,148.93499985000003,4.863828990628975,144.07117085937105,153.798828840629,2.4319144953144876,151.3669143453145,146.50308535468554
2020-12-22,145.149994,146.229996,143.139999,144.199997,142.514252,12533000,148.72149965000003,4.989202246479659,143.73229740352036,153.7107018964797,2.4946011232398293,151.21610077323984,146.2268985267602
2020-12-23,143.53999299999995,144.220001,142.300003,143.220001,141.54573100000005,6810200,148.38499985000004,5.249049367463606,143.13595048253643,153.63404921746366,2.624524683731803,151.00952453373185,145.76047516626824
2020-12-24,143.53999299999995,144.389999,143.179993,143.5,141.822449,3018200,147.97799985000003,5.518626597050217,142.4593732529498,153.49662644705026,2.7593132985251083,150.73731314852515,145.21868655147492
2020-12-28,144.03999299999995,145.300003,143.330002,145.220001,143.522339,6448300,147.56149975000002,5.550158790797707,142.01134095920233,153.11165854079772,2.7750793953988535,150.33657914539887,144.78642035460118
2020-12-29,145.639999,145.850006,143.589996,144.300003,142.613113,5979400,147.24249950000004,5.313363783711904,141.92913571628813,152.55586328371194,2.656681891855952,149.899181391856,144.58581760814408
2020-12-30,144.880005,145.149994,143.940002,144.179993,142.49449199999995,6250400,146.81800000000004,4.804971977031123,142.0130280229689,151.62297197703117,2.4024859885155614,149.2204859885156,144.41551401148448
2020-12-31,144.199997,144.270004,142.850006,144.149994,142.464828,5938000,146.39499970000003,4.121252285418065,142.27374741458198,150.51625198541808,2.0606261427090327,148.45562584270905,144.334373557291
